,precision,recall,f1-score,support
0,0.7777777777777778,0.7777777777777778,0.7777777777777778,9.0
1,0.9672131147540983,0.9672131147540983,0.9672131147540983,61.0
accuracy,0.9428571428571428,0.9428571428571428,0.9428571428571428,0.9428571428571428
macro avg,0.872495446265938,0.872495446265938,0.872495446265938,70.0
weighted avg,0.9428571428571428,0.9428571428571428,0.9428571428571428,70.0
